filename,rel_path,subdir,category,file_size_bytes,referenced_from_w8lift,reference_type,in_results_index,notes
00AmOpen.htm,00AmOpen.htm,(root),html,117301,False,,True,in_results_index
00CalStates.htm,00CalStates.htm,(root),html,36416,False,,True,in_results_index
00GldWst.htm,00GldWst.htm,(root),html,26960,False,,True,in_results_index
00JrNats.htm,00JrNats.htm,(root),html,119040,False,,True,in_results_index
00NoGuts.htm,00NoGuts.htm,(root),html,30000,False,,True,in_results_index
00OlyTry.htm,00OlyTry.htm,(root),html,26609,False,,True,in_results_index
00PWAChp.htm,00PWAChp.htm,(root),html,30543,False,,True,in_results_index
00Schedl.htm,00Schedl.htm,(root),html,9344,False,,False,
00SrNats.htm,00SrNats.htm,(root),html,87699,False,,True,in_results_index
01AmOpen.htm,01AmOpen.htm,(root),html,160242,False,,True,in_results_index
01GldWst.htm,01GldWst.htm,(root),html,39015,False,,True,in_results_index
01JrNats.htm,01JrNats.htm,(root),html,257252,False,,True,in_results_index
01NoGuts.htm,01NoGuts.htm,(root),html,33747,False,,True,in_results_index
01PWAChp.htm,01PWAChp.htm,(root),html,29852,False,,True,in_results_index
01Schedl.htm,01Schedl.htm,(root),html,12449,False,,False,
01SrNats.htm,01SrNats.htm,(root),html,71704,False,,True,in_results_index
01TryOut.htm,01TryOut.htm,(root),html,27957,False,,True,in_results_index
92BltBkl.htm,92BltBkl.htm,(root),html,14632,False,,True,in_results_index
92GldWst.htm,92GldWst.htm,(root),html,14713,False,,True,in_results_index
92NorCal.htm,92NorCal.htm,(root),html,10901,False,,True,in_results_index
93BerMug.htm,93BerMug.htm,(root),html,6711,False,,True,in_results_index
93BltBkl.htm,93BltBkl.htm,(root),html,5663,False,,True,in_results_index
93CalSt.htm,93CalSt.htm,(root),html,15926,False,,True,in_results_index
94AmOpen.htm,94AmOpen.htm,(root),html,56696,False,,True,in_results_index
94GldWst.htm,94GldWst.htm,(root),html,10246,False,,True,in_results_index
94Marin.htm,94Marin.htm,(root),html,11286,False,,True,in_results_index
94NorCal.htm,94NorCal.htm,(root),html,12619,False,,True,in_results_index
95GldWst.htm,95GldWst.htm,(root),html,13210,False,,True,in_results_index
95Marin.htm,95Marin.htm,(root),html,14857,False,,True,in_results_index
95NorCal.htm,95NorCal.htm,(root),html,11539,False,,True,in_results_index
95SrNats.htm,95SrNats.htm,(root),html,46547,False,,True,in_results_index
96CalSt.htm,96CalSt.htm,(root),html,14290,False,,True,in_results_index
96Marin.htm,96Marin.htm,(root),html,12920,False,,True,in_results_index
96PWAChp.htm,96PWAChp.htm,(root),html,12669,False,,True,in_results_index
96WestHS.htm,96WestHS.htm,(root),html,10340,False,,True,in_results_index
97AmOpen.htm,97AmOpen.htm,(root),html,92946,False,,True,in_results_index
97BltBkl.htm,97BltBkl.htm,(root),html,13321,False,,True,in_results_index
97GldWst.htm,97GldWst.htm,(root),html,13935,False,,True,in_results_index
97PWAChp.htm,97PWAChp.htm,(root),html,14319,False,,True,in_results_index
97SacOpn.htm,97SacOpn.htm,(root),html,7868,False,,True,in_results_index
97TryOut.htm,97TryOut.htm,(root),html,16562,False,,True,in_results_index
97WestHS.htm,97WestHS.htm,(root),html,19550,False,,True,in_results_index
98BltBkl.htm,98BltBkl.htm,(root),html,13554,False,,True,in_results_index
98CALSt.htm,98CALSt.htm,(root),html,19504,False,,True,in_results_index
98GldWst.htm,98GldWst.htm,(root),html,9149,False,,True,in_results_index
98NorCal.htm,98NorCal.htm,(root),html,31994,False,,True,in_results_index
98PWAChp.htm,98PWAChp.htm,(root),html,21825,False,,True,in_results_index
98SrNats.htm,98SrNats.htm,(root),html,74372,False,,True,in_results_index
98TryOut.htm,98TryOut.htm,(root),html,17322,False,,True,in_results_index
98WestHS.htm,98WestHS.htm,(root),html,19809,False,,True,in_results_index
99AmOpen.htm,99AmOpen.htm,(root),html,112578,False,,True,in_results_index
99BltBkl.htm,99BltBkl.htm,(root),html,28621,False,,True,in_results_index
99GldWst.htm,99GldWst.htm,(root),html,30631,False,,True,in_results_index
99LstCha.htm,99LstCha.htm,(root),html,16325,False,,False,
99LstChn.htm,99LstChn.htm,(root),html,8743,False,,True,in_results_index
99NCalHS.htm,99NCalHS.htm,(root),html,14493,False,,True,in_results_index
99NorCal.htm,99NorCal.htm,(root),html,19169,False,,True,in_results_index
99PWAChp.htm,99PWAChp.htm,(root),html,16889,False,,True,in_results_index
99Schedl.htm,99Schedl.htm,(root),html,10425,False,,False,
99SrNats.htm,99SrNats.htm,(root),html,91264,False,,True,in_results_index
alladvantage.htm,alladvantage.htm,(root),html,623,False,,False,
ani-wow.gif,ani-wow.gif,(root),image,10640,True,img_src,False,
Athens.gif,Athens.gif,(root),image,187,False,,False,
Atlanta.gif,Atlanta.gif,(root),image,1620,True,img_src,False,
BadMother.htm,BadMother.htm,(root),html,2170,False,,False,
BarBar.gif,BarBar.gif,(root),image,475,True,img_src,False,
BdMoEntr.htm,BdMoEntr.htm,(root),html,4533,False,,False,
CAStEnt.htm,CAStEnt.htm,(root),html,2473,False,,False,
Commonwealth.gif,Commonwealth.gif,(root),image,2231,True,img_src,False,
dimas.ico,dimas.ico,(root),image,822,False,,False,identical_to_other_ico
dimas05a.jpg,dimas05a.jpg,(root),image,11725,True,img_src,False,
dimas05c.jpg,dimas05c.jpg,(root),image,17154,False,,False,
DynamFit.gif,DynamFit.gif,(root),image,2858,True,img_src,False,
Eleiko.gif,Eleiko.gif,(root),image,4341,True,img_src,False,
EntryFrm.htm,EntryFrm.htm,(root),html,1887,False,,False,
404.html,error_docs/404.html,error_docs,html,259,False,,False,
EWFlogo.gif,EWFlogo.gif,(root),image,7738,True,img_src,False,
favicon.ico,favicon.ico,(root),image,822,False,,False,identical_to_other_ico
FirstWorld.htm,FirstWorld.htm,(root),html,634,False,,False,
FlagAUS.gif,FlagAUS.gif,(root),image,311,True,img_src,False,
FlagCAN.gif,FlagCAN.gif,(root),image,277,True,img_src,False,
Flaggbr.gif,Flaggbr.gif,(root),image,645,False,,False,
GRELogo.gif,GRELogo.gif,(root),image,5067,True,img_src,False,
back.gif,icons/back.gif,icons,image,216,False,,False,
text.gif,icons/text.gif,icons,image,229,False,,False,
index.html,index.html,(root),html,445,False,,False,
Ivanko02.gif,Ivanko02.gif,(root),image,11640,True,img_src,False,
IWFlogo.gif,IWFlogo.gif,(root),image,5750,True,img_src,False,
LIFTER.gif,LIFTER.gif,(root),image,1535,False,,False,
LIFTER2.gif,LIFTER2.gif,(root),image,1544,False,,False,
Mavrik.gif,Mavrik.gif,(root),image,21753,True,img_src,False,
NVFlog2.gif,NVFlog2.gif,(root),image,5626,True,img_src,False,
Olympic.gif,Olympic.gif,(root),image,1745,True,img_src,False,
Page2.htm,Page2.htm,(root),html,3730,False,,False,
PAGE_2.htm,PAGE_2.htm,(root),html,2452,False,,False,
PanAmLift.gif,PanAmLift.gif,(root),image,1829,False,,False,
PanAmLogo.gif,PanAmLogo.gif,(root),image,2755,False,,False,
PanAmMen.htm,PanAmMen.htm,(root),html,31477,False,,True,in_results_index
PanAmWmn.htm,PanAmWmn.htm,(root),html,25181,False,,True,in_results_index
POLWF.gif,POLWF.gif,(root),image,2226,True,img_src,False,
01GWOAreaMap.htm,PWA/01GWOAreaMap.htm,PWA,html,262,False,,False,
01GWODirections.htm,PWA/01GWODirections.htm,PWA,html,1843,False,,False,
01GWOEntry.htm,PWA/01GWOEntry.htm,PWA,html,2576,False,,False,
01GWOFlyer.htm,PWA/01GWOFlyer.htm,PWA,html,3063,False,,False,
01GWOHotels.htm,PWA/01GWOHotels.htm,PWA,html,1900,False,,False,
01GWOInfo.htm,PWA/01GWOInfo.htm,PWA,html,3482,False,,False,
01Schedl.htm,PWA/01Schedl.htm,PWA,html,12725,False,,False,
02GWODirections.htm,PWA/02GWODirections.htm,PWA,html,1536,False,,False,
02GWOEntry.htm,PWA/02GWOEntry.htm,PWA,html,2129,False,,False,
02GWOFlyer.htm,PWA/02GWOFlyer.htm,PWA,html,3277,False,,False,
02JrNats.htm,PWA/02JrNats.htm,PWA,html,274800,False,,True,in_results_index
02PWAJrEntry.htm,PWA/02PWAJrEntry.htm,PWA,html,2262,False,,False,
02Schedl.htm,PWA/02Schedl.htm,PWA,html,15969,False,,False,
03GWODirections.htm,PWA/03GWODirections.htm,PWA,html,1627,False,,False,
03GWOEntry.htm,PWA/03GWOEntry.htm,PWA,html,2204,False,,False,
03GWOFlyer.htm,PWA/03GWOFlyer.htm,PWA,html,3394,False,,False,
03Schedl.htm,PWA/03Schedl.htm,PWA,html,19424,False,,False,
03SPWCEntry.htm,PWA/03SPWCEntry.htm,PWA,html,4258,False,,False,
05Schedule.htm,PWA/05Schedule.htm,PWA,html,8531,False,,False,
06GWOEntry.htm,PWA/06GWOEntry.htm,PWA,html,2128,False,,False,
06GWOFlyer.htm,PWA/06GWOFlyer.htm,PWA,html,4093,False,,False,
06NorCalEntry.htm,PWA/06NorCalEntry.htm,PWA,html,2139,False,,False,
06NorCalFlyer.htm,PWA/06NorCalFlyer.htm,PWA,html,4058,False,,False,
06PWAEntry.htm,PWA/06PWAEntry.htm,PWA,html,2131,False,,False,
06Schedule.htm,PWA/06Schedule.htm,PWA,html,18968,False,,False,
06StateGamesEntry.htm,PWA/06StateGamesEntry.htm,PWA,html,2147,False,,False,
06StateGamesFlyer.htm,PWA/06StateGamesFlyer.htm,PWA,html,4296,False,,False,
06TKOEntry.htm,PWA/06TKOEntry.htm,PWA,html,2155,False,,False,
06TKOFlyer.htm,PWA/06TKOFlyer.htm,PWA,html,3355,False,,False,
07PWAEntry.htm,PWA/07PWAEntry.htm,PWA,html,2278,False,,False,
07PWAFlyer.htm,PWA/07PWAFlyer.htm,PWA,html,4213,False,,False,
07RedwoodEntry.htm,PWA/07RedwoodEntry.htm,PWA,html,2122,False,,False,
07RedwoodFlyer.htm,PWA/07RedwoodFlyer.htm,PWA,html,3025,False,,False,
07Schedule.htm,PWA/07Schedule.htm,PWA,html,27538,False,,False,
07TKOEntry.htm,PWA/07TKOEntry.htm,PWA,html,2295,False,,False,
07TKOFlyer.htm,PWA/07TKOFlyer.htm,PWA,html,4055,False,,False,
08NorCalFlyer.pdf,PWA/08NorCalFlyer.pdf,PWA,pdf,25028,False,,False,
08RedwoodFlyer.htm,PWA/08RedwoodFlyer.htm,PWA,html,3119,False,,False,
08Schedule.htm,PWA/08Schedule.htm,PWA,html,27298,False,,False,
08TKOFlyer.htm,PWA/08TKOFlyer.htm,PWA,html,3611,False,,False,
08TroyInvitational.doc,PWA/08TroyInvitational.doc,PWA,word,32256,False,,False,
09GWOEntry.htm,PWA/09GWOEntry.htm,PWA,html,12133,False,,False,
09GWOFlyer.htm,PWA/09GWOFlyer.htm,PWA,html,19798,False,,False,
10AutumnOpen.doc,PWA/10AutumnOpen.doc,PWA,word,22528,False,,False,
10CSCEntry.htm,PWA/10CSCEntry.htm,PWA,html,3039,False,,False,
10CSCFlyer.htm,PWA/10CSCFlyer.htm,PWA,html,3463,False,,False,
10SacHiOpenIFlyer.htm,PWA/10SacHiOpenIFlyer.htm,PWA,html,2912,False,,False,
10SacHiOpenIIFlyer.htm,PWA/10SacHiOpenIIFlyer.htm,PWA,html,2917,False,,False,
10SacHiOpenIIIFlyer.htm,PWA/10SacHiOpenIIIFlyer.htm,PWA,html,2910,False,,False,
10Schedule.htm,PWA/10Schedule.htm,PWA,html,22993,False,,False,
11FCOEntry.htm,PWA/11FCOEntry.htm,PWA,html,3155,False,,False,
11FCOFlyer.htm,PWA/11FCOFlyer.htm,PWA,html,2813,False,,False,
11GWOFlyer.htm,PWA/11GWOFlyer.htm,PWA,html,3845,False,,False,
11HFOFlyer.htm,PWA/11HFOFlyer.htm,PWA,html,3430,False,,False,
11LincolnOpenEntry.htm,PWA/11LincolnOpenEntry.htm,PWA,html,2692,False,,False,
11LincolnOpenFlyer.htm,PWA/11LincolnOpenFlyer.htm,PWA,html,2923,False,,False,
11PWAJrChpEntry.htm,PWA/11PWAJrChpEntry.htm,PWA,html,2813,False,,False,
11PWAJrChpFlyer.htm,PWA/11PWAJrChpFlyer.htm,PWA,html,3660,False,,False,
11Schedule.htm,PWA/11Schedule.htm,PWA,html,16784,False,,False,
11TBrooksFlyer.htm,PWA/11TBrooksFlyer.htm,PWA,html,3446,False,,False,
12GWOEntry.htm,PWA/12GWOEntry.htm,PWA,html,3494,False,,False,
12GWOFlyer.htm,PWA/12GWOFlyer.htm,PWA,html,4201,False,,False,
12Schedule.htm,PWA/12Schedule.htm,PWA,html,20291,False,,False,
12VetDayEntry.htm,PWA/12VetDayEntry.htm,PWA,html,2727,False,,False,
12VetDayFlyer.htm,PWA/12VetDayFlyer.htm,PWA,html,3510,False,,False,
13FallEntry.htm,PWA/13FallEntry.htm,PWA,html,2857,False,,False,
13FallFlyer.htm,PWA/13FallFlyer.htm,PWA,html,4777,False,,False,
13GWOEntry.htm,PWA/13GWOEntry.htm,PWA,html,3558,False,,False,
13GWOFlyer.htm,PWA/13GWOFlyer.htm,PWA,html,4325,False,,False,
13MaxEntry.htm,PWA/13MaxEntry.htm,PWA,html,3036,False,,False,
13MaxFlyer.htm,PWA/13MaxFlyer.htm,PWA,html,4111,False,,False,
13PWASrFlyer.htm,PWA/13PWASrFlyer.htm,PWA,html,4778,False,,False,
13SacHiXFitOpenIFlyer.htm,PWA/13SacHiXFitOpenIFlyer.htm,PWA,html,2965,False,,False,
13Schedule.htm,PWA/13Schedule.htm,PWA,html,41432,False,,False,
14GWOEntry.htm,PWA/14GWOEntry.htm,PWA,html,3108,False,,False,
14GWOFlyer.htm,PWA/14GWOFlyer.htm,PWA,html,5664,False,,False,
14HSFEntry.htm,PWA/14HSFEntry.htm,PWA,html,3029,False,,False,
14HSFFlyer.htm,PWA/14HSFFlyer.htm,PWA,html,5913,False,,False,
14MaxFlyer.htm,PWA/14MaxFlyer.htm,PWA,html,4126,False,,False,
14MLKEntry.htm,PWA/14MLKEntry.htm,PWA,html,2843,False,,False,
14MLKFlyer.htm,PWA/14MLKFlyer.htm,PWA,html,3645,False,,False,
14NorCalFlyer.htm,PWA/14NorCalFlyer.htm,PWA,html,5510,False,,False,
14PresidentsEntry.htm,PWA/14PresidentsEntry.htm,PWA,html,2878,False,,False,
14PresidentsFlyer.htm,PWA/14PresidentsFlyer.htm,PWA,html,3819,False,,False,
14PWAChpFlyer.htm,PWA/14PWAChpFlyer.htm,PWA,html,4500,False,,False,
14PWAJrFlyer.htm,PWA/14PWAJrFlyer.htm,PWA,html,3742,False,,False,
14RecordFlyer.htm,PWA/14RecordFlyer.htm,PWA,html,4847,False,,False,
14RecordSessions.htm,PWA/14RecordSessions.htm,PWA,html,3069,False,,False,
14Schedule.htm,PWA/14Schedule.htm,PWA,html,54792,False,,False,
14VisaliaEntry.htm,PWA/14VisaliaEntry.htm,PWA,html,2992,False,,False,
14VisaliaFallFlyer.htm,PWA/14VisaliaFallFlyer.htm,PWA,html,3324,False,,False,
14VisaliaFlyer.htm,PWA/14VisaliaFlyer.htm,PWA,html,3428,False,,False,
14WarriorZEntry.htm,PWA/14WarriorZEntry.htm,PWA,html,2806,False,,False,
14WineFlyer.htm,PWA/14WineFlyer.htm,PWA,html,3313,False,,False,
15CalStateFlyer.htm,PWA/15CalStateFlyer.htm,PWA,html,3563,False,,False,
15HSFFlyer.htm,PWA/15HSFFlyer.htm,PWA,html,5135,False,,False,
15MaxFlyer.htm,PWA/15MaxFlyer.htm,PWA,html,4058,False,,False,
15PWAChpFlyer.htm,PWA/15PWAChpFlyer.htm,PWA,html,5102,False,,False,
15PWAJrMLKFlyer.htm,PWA/15PWAJrMLKFlyer.htm,PWA,html,4170,False,,False,
15RiverTownEntry.htm,PWA/15RiverTownEntry.htm,PWA,html,3091,False,,False,
15RiverTownFlyer.htm,PWA/15RiverTownFlyer.htm,PWA,html,3792,False,,False,
15Schedule.htm,PWA/15Schedule.htm,PWA,html,55499,False,,False,
15WineFlyer.htm,PWA/15WineFlyer.htm,PWA,html,3423,False,,False,
16EastCountyFlyer.htm,PWA/16EastCountyFlyer.htm,PWA,html,3663,False,,False,
16MaxMastersFlyer.htm,PWA/16MaxMastersFlyer.htm,PWA,html,3925,False,,False,
16Schedule.htm,PWA/16Schedule.htm,PWA,html,69798,False,,False,
2008%20Dariotis%20Memorial%20Entry.doc,PWA/2008%20Dariotis%20Memorial%20Entry.doc,PWA,word,187,False,,False,percent_encoded_name
Abrahamson.jpg,PWA/Abrahamson.jpg,PWA,image,9248,False,,False,
banner.jpg,PWA/banner.jpg,PWA,image,915,False,,False,
Bergman.jpg,PWA/Bergman.jpg,PWA,image,18091,False,,False,
ButchOTeam.jpg,PWA/ButchOTeam.jpg,PWA,image,12379,False,,False,
CalStrengthDirections.htm,PWA/CalStrengthDirections.htm,PWA,html,2108,False,,False,
Cameron.jpg,PWA/Cameron.jpg,PWA,image,23095,False,,False,
Cantore.jpg,PWA/Cantore.jpg,PWA,image,14886,False,,False,
CFODirections.htm,PWA/CFODirections.htm,PWA,html,1869,False,,False,
ChicoAreaMap.jpg,PWA/ChicoAreaMap.jpg,PWA,image,915,False,,False,
ChicoLogo.jpg,PWA/ChicoLogo.jpg,PWA,image,915,False,,False,
Clark.jpg,PWA/Clark.jpg,PWA,image,17240,False,,False,
Crass.jpg,PWA/Crass.jpg,PWA,image,25359,False,,False,
Eaton.jpg,PWA/Eaton.jpg,PWA,image,14098,False,,False,
EmersonCoachCourse.doc,PWA/EmersonCoachCourse.doc,PWA,word,3085824,False,,False,
Entry.htm,PWA/Entry.htm,PWA,html,1577,False,,False,
favicon.ico,PWA/favicon.ico,PWA,image,822,False,,False,identical_to_other_ico
Gough.jpg,PWA/Gough.jpg,PWA,image,20388,False,,False,
2009-2012FemaleSinclair.pdf,PWA/Headquarters/2009-2012FemaleSinclair.pdf,PWA,pdf,68112,False,,False,
2009-2012MaleSinclair.pdf,PWA/Headquarters/2009-2012MaleSinclair.pdf,PWA,pdf,88040,False,,False,
2009PWAMinutes.pdf,PWA/Headquarters/2009PWAMinutes.pdf,PWA,pdf,38960,False,,False,
2010Malone-MeltzerAgeCorrectionCoefficents.htm,PWA/Headquarters/2010Malone-MeltzerAgeCorrectionCoefficents.htm,PWA,html,6385,False,,False,
2010PWAAgenda.pdf,PWA/Headquarters/2010PWAAgenda.pdf,PWA,pdf,35667,False,,False,
2010USAWMembershipApplication.doc,PWA/Headquarters/2010USAWMembershipApplication.doc,PWA,word,107520,False,,False,
2011Malone-MeltzerAgeCorrectionCoefficents.htm,PWA/Headquarters/2011Malone-MeltzerAgeCorrectionCoefficents.htm,PWA,html,6385,False,,False,
2013Malone-MeltzerAgeCorrectionCoefficents.htm,PWA/Headquarters/2013Malone-MeltzerAgeCorrectionCoefficents.htm,PWA,html,6385,False,,False,
2015Malone-MeltzerAgeCorrectionCoefficents.htm,PWA/Headquarters/2015Malone-MeltzerAgeCorrectionCoefficents.htm,PWA,html,6385,False,,False,
2016Malone-MeltzerAgeCorrectionCoefficents.htm,PWA/Headquarters/2016Malone-MeltzerAgeCorrectionCoefficents.htm,PWA,html,6384,False,,False,
Attempt Card.jpg,PWA/Headquarters/Attempt Card.jpg,PWA,image,25290,False,,False,
Attempt%20Card.htm,PWA/Headquarters/Attempt%20Card.htm,PWA,html,459,False,,False,percent_encoded_name
Attempt%20Card.jpg,PWA/Headquarters/Attempt%20Card.jpg,PWA,image,25290,False,,False,percent_encoded_name
favicon.ico,PWA/Headquarters/favicon.ico,PWA,image,822,False,,False,identical_to_other_ico
Headquarters.htm,PWA/Headquarters/Headquarters.htm,PWA,html,5427,False,,False,
PrintableScoresheet.xls,PWA/Headquarters/PrintableScoresheet.xls,PWA,excel,233984,False,,False,
PWAAbsoluteMasterRecords.htm,PWA/Headquarters/PWAAbsoluteMasterRecords.htm,PWA,html,5418,False,,False,
PWAAbsoluteWmnMasterRecords.htm,PWA/Headquarters/PWAAbsoluteWmnMasterRecords.htm,PWA,html,4741,False,,False,
PWABanner.gif,PWA/Headquarters/PWABanner.gif,PWA,image,6390,False,,False,
PWAByLaws.pdf,PWA/Headquarters/PWAByLaws.pdf,PWA,pdf,127052,False,,False,
PWAJrMensRecords.htm,PWA/Headquarters/PWAJrMensRecords.htm,PWA,html,4525,False,,False,
PWAJrWomensRecords.htm,PWA/Headquarters/PWAJrWomensRecords.htm,PWA,html,4245,False,,False,
PWAMensAgeGroupRecords.htm,PWA/Headquarters/PWAMensAgeGroupRecords.htm,PWA,html,43531,False,,False,
PWAMensRecords.htm,PWA/Headquarters/PWAMensRecords.htm,PWA,html,3720,False,,False,
PWAOfficers.htm,PWA/Headquarters/PWAOfficers.htm,PWA,html,5263,False,,False,
PWARecords.htm,PWA/Headquarters/PWARecords.htm,PWA,html,26008,False,,False,
PWAWomensAgeGroupRecords.htm,PWA/Headquarters/PWAWomensAgeGroupRecords.htm,PWA,html,25035,False,,False,
PWAWomensRecords.htm,PWA/Headquarters/PWAWomensRecords.htm,PWA,html,3532,False,,False,
RepresentaClub.htm,PWA/Headquarters/RepresentaClub.htm,PWA,html,3414,False,,False,
Heads.jpg,PWA/Heads.jpg,PWA,image,16777,False,,False,
Hirtz.jpg,PWA/Hirtz.jpg,PWA,image,7357,False,,False,
HorizonDirections.htm,PWA/HorizonDirections.htm,PWA,html,3473,False,,False,
index.html,PWA/index.html,PWA,html,6917,False,,False,
Klaja.jpg,PWA/Klaja.jpg,PWA,image,12018,False,,False,
Kono.jpg,PWA/Kono.jpg,PWA,image,23129,False,,False,
Langon.jpg,PWA/Langon.jpg,PWA,image,13124,False,,False,
LIFTER.gif,PWA/LIFTER.gif,PWA,image,1535,False,,False,
LIFTER2.gif,PWA/LIFTER2.gif,PWA,image,1544,False,,False,
LincolnDirections.htm,PWA/LincolnDirections.htm,PWA,html,1840,False,,False,
LincolnHSMap.gif,PWA/LincolnHSMap.gif,PWA,image,31628,False,,False,
Martinez.jpg,PWA/Martinez.jpg,PWA,image,16780,False,,False,
Michels.jpg,PWA/Michels.jpg,PWA,image,12886,False,,False,
MidtownStrengthDirections.htm,PWA/MidtownStrengthDirections.htm,PWA,html,2174,False,,False,
MylesAheadDirections.htm,PWA/MylesAheadDirections.htm,PWA,html,1322,False,,False,
NextMeet.htm,PWA/NextMeet.htm,PWA,html,1108,False,,False,
Nguyen.jpg,PWA/Nguyen.jpg,PWA,image,18348,False,,False,
No_Guts_Entry.htm,PWA/No_Guts_Entry.htm,PWA,html,2346,False,,False,
Patera.jpg,PWA/Patera.jpg,PWA,image,16057,False,,False,
PhyMagDirections.htm,PWA/PhyMagDirections.htm,PWA,html,1612,False,,False,
16Schedule.htm,PWA/PWA/16Schedule.htm,PWA,html,454,False,,False,
favicon.ico,PWA/PWA/favicon.ico,PWA,image,822,False,,False,identical_to_other_ico
Headquarters.htm,PWA/PWA/Headquarters/Headquarters.htm,PWA,html,484,False,,False,
PWARecords.htm,PWA/PWA/PWARecords.htm,PWA,html,454,False,,False,
PWA.gif,PWA/PWA.gif,PWA,image,4214,False,,False,
pwa.htm,PWA/pwa.htm,PWA,html,419,True,href,False,
PWAAbsoluteMasterRecords.htm,PWA/PWAAbsoluteMasterRecords.htm,PWA,html,5411,False,,False,
PWAAbsoluteWmnMasterRecords.htm,PWA/PWAAbsoluteWmnMasterRecords.htm,PWA,html,4515,False,,False,
PWAAbsoluteWmnYouthRecords.htm,PWA/PWAAbsoluteWmnYouthRecords.htm,PWA,html,4197,False,,False,
PWAAbsoluteYouthRecords.htm,PWA/PWAAbsoluteYouthRecords.htm,PWA,html,4811,False,,False,
PWABanner.gif,PWA/PWABanner.gif,PWA,image,6390,False,,False,
PWAJrMensRecords.htm,PWA/PWAJrMensRecords.htm,PWA,html,4582,False,,False,
PWAJrWomensRecords.htm,PWA/PWAJrWomensRecords.htm,PWA,html,4053,False,,False,
PWAMensAgeGroupRecords.htm,PWA/PWAMensAgeGroupRecords.htm,PWA,html,42813,False,,False,
PWAMensRecords.htm,PWA/PWAMensRecords.htm,PWA,html,4167,False,,False,
PWAMensYouthGroupRecords.htm,PWA/PWAMensYouthGroupRecords.htm,PWA,html,14065,False,,False,
PWARecords.htm,PWA/PWARecords.htm,PWA,html,32394,False,,False,
PWAWomensAgeGroupRecords.htm,PWA/PWAWomensAgeGroupRecords.htm,PWA,html,34340,False,,False,
PWAWomensRecords.htm,PWA/PWAWomensRecords.htm,PWA,html,3767,False,,False,
PWAWomensYouthGroupRecords.htm,PWA/PWAWomensYouthGroupRecords.htm,PWA,html,11971,False,,False,
ReddingDirections.htm,PWA/ReddingDirections.htm,PWA,html,2097,False,,False,
RedwoodDirections.htm,PWA/RedwoodDirections.htm,PWA,html,1333,False,,False,
Results.htm,PWA/Results.htm,PWA,html,83595,False,,False,
SacHighDirections.htm,PWA/SacHighDirections.htm,PWA,html,2009,False,,False,
Schmitz.jpg,PWA/Schmitz.jpg,PWA,image,19282,False,,False,
Stock.jpg,PWA/Stock.jpg,PWA,image,9731,False,,False,
TyeeEntry.htm,PWA/TyeeEntry.htm,PWA,html,5456,False,,False,
TyeeInfo.htm,PWA/TyeeInfo.htm,PWA,html,7988,False,,False,
Wilhelm.jpg,PWA/Wilhelm.jpg,PWA,image,22053,False,,False,
PWA.gif,PWA.gif,(root),image,4214,False,,False,
pwa.htm,pwa.htm,(root),html,8911,False,,False,
00AmOpen.htm,Results/00AmOpen.htm,Results,html,158214,True,href,True,in_results_index
00CalStates.htm,Results/00CalStates.htm,Results,html,18370,False,,True,in_results_index
00GldWst.htm,Results/00GldWst.htm,Results,html,28575,False,,True,in_results_index
00HighDesert.htm,Results/00HighDesert.htm,Results,html,7048,False,,True,in_results_index
00JrNats.htm,Results/00JrNats.htm,Results,html,118911,False,,True,in_results_index
00NatJrs.htm,Results/00NatJrs.htm,Results,html,133328,True,href,True,in_results_index
00NoGuts.htm,Results/00NoGuts.htm,Results,html,33859,False,,True,in_results_index
00NSA.htm,Results/00NSA.htm,Results,html,65014,True,href,True,in_results_index
00OlyTry.htm,Results/00OlyTry.htm,Results,html,31289,True,href,True,in_results_index
00PWAChp.htm,Results/00PWAChp.htm,Results,html,29876,False,,True,in_results_index
00SacLastChanceI.htm,Results/00SacLastChanceI.htm,Results,html,2996,False,,True,in_results_index
00SacLastChanceII.htm,Results/00SacLastChanceII.htm,Results,html,3268,False,,True,in_results_index
00SrNats.htm,Results/00SrNats.htm,Results,html,101613,True,href,True,in_results_index
01AmOpen.htm,Results/01AmOpen.htm,Results,html,161803,True,href,True,in_results_index
01GldWst.htm,Results/01GldWst.htm,Results,html,39013,False,,True,in_results_index
01HighDesert.htm,Results/01HighDesert.htm,Results,html,13080,False,,True,in_results_index
01JrNats.htm,Results/01JrNats.htm,Results,html,257224,False,,True,in_results_index
01NatJrs.htm,Results/01NatJrs.htm,Results,html,257224,True,href,True,in_results_index
01NoGuts.htm,Results/01NoGuts.htm,Results,html,33745,False,,True,in_results_index
01NorCal.htm,Results/01NorCal.htm,Results,html,19566,False,,True,in_results_index
01PWAChp.htm,Results/01PWAChp.htm,Results,html,29849,False,,True,in_results_index
01SrNats.htm,Results/01SrNats.htm,Results,html,115246,True,href,True,in_results_index
01TryOut.htm,Results/01TryOut.htm,Results,html,27930,True,href,True,in_results_index
02AmOpen.htm,Results/02AmOpen.htm,Results,html,152330,True,href,True,in_results_index
02BadMother.htm,Results/02BadMother.htm,Results,html,29804,False,,True,in_results_index
02GldWst.htm,Results/02GldWst.htm,Results,html,36196,False,,True,in_results_index
02HighDesert.htm,Results/02HighDesert.htm,Results,html,33093,False,,True,in_results_index
02JrNats.htm,Results/02JrNats.htm,Results,html,275836,False,,True,in_results_index
02NatJrs.htm,Results/02NatJrs.htm,Results,html,233960,True,href,True,in_results_index
02NoGutsNoGlory.htm,Results/02NoGutsNoGlory.htm,Results,html,18953,False,,True,in_results_index
02NSA.htm,Results/02NSA.htm,Results,html,78525,True,href,True,in_results_index
02PWAChp.htm,Results/02PWAChp.htm,Results,html,54076,False,,True,in_results_index
02PWAJrChp.htm,Results/02PWAJrChp.htm,Results,html,21269,False,,True,in_results_index
02SrNats.htm,Results/02SrNats.htm,Results,html,84083,True,href,True,in_results_index
03AmOpen.htm,Results/03AmOpen.htm,Results,html,116059,True,href,True,in_results_index
03GldWst.htm,Results/03GldWst.htm,Results,html,31865,False,,True,in_results_index
03HighDesert.htm,Results/03HighDesert.htm,Results,html,22275,False,,True,in_results_index
03JrNats.htm,Results/03JrNats.htm,Results,html,146048,False,,True,in_results_index
03JrNatsTemp.htm,Results/03JrNatsTemp.htm,Results,html,93226,False,,True,in_results_index
03NatJrs.htm,Results/03NatJrs.htm,Results,html,146048,True,href,True,in_results_index
03NoGutsNoGlory.htm,Results/03NoGutsNoGlory.htm,Results,html,21251,False,,True,in_results_index
03NorCal.htm,Results/03NorCal.htm,Results,html,13549,False,,True,in_results_index
03PWAChp.htm,Results/03PWAChp.htm,Results,html,44296,False,,True,in_results_index
03SrNats.htm,Results/03SrNats.htm,Results,html,90561,True,href,True,in_results_index
03TitanGames.htm,Results/03TitanGames.htm,Results,html,15041,False,,True,in_results_index
03TitanWomen.htm,Results/03TitanWomen.htm,Results,html,15041,False,,True,in_results_index
04AmOpen.htm,Results/04AmOpen.htm,Results,html,115630,True,href,True,in_results_index
04CalStates.htm,Results/04CalStates.htm,Results,html,24199,False,,True,in_results_index
04GldWst.htm,Results/04GldWst.htm,Results,html,38765,False,,True,in_results_index
04HighDesert.htm,Results/04HighDesert.htm,Results,html,23493,False,,True,in_results_index
04JrNats.htm,Results/04JrNats.htm,Results,html,110320,False,,True,in_results_index
04NatJrs.htm,Results/04NatJrs.htm,Results,html,110320,True,href,True,in_results_index
04NoGutsNoGlory.htm,Results/04NoGutsNoGlory.htm,Results,html,35156,False,,True,in_results_index
04NSA.htm,Results/04NSA.htm,Results,html,131403,True,href,True,in_results_index
04OlyTry.htm,Results/04OlyTry.htm,Results,html,61658,True,href,True,in_results_index
04PWAChp.htm,Results/04PWAChp.htm,Results,html,34540,False,,True,in_results_index
04SrNats.htm,Results/04SrNats.htm,Results,html,95893,True,href,True,in_results_index
05AmOpen.htm,Results/05AmOpen.htm,Results,html,107259,True,href,True,in_results_index
05GldWst.htm,Results/05GldWst.htm,Results,html,36105,False,,True,in_results_index
05HighDesert.htm,Results/05HighDesert.htm,Results,html,7955,False,,True,in_results_index
05JCC.htm,Results/05JCC.htm,Results,html,24754,False,,True,in_results_index
05JrNats.htm,Results/05JrNats.htm,Results,html,117122,False,,True,in_results_index
05NatJrs.htm,Results/05NatJrs.htm,Results,html,117122,True,href,True,in_results_index
05NoGutsNoGlory.htm,Results/05NoGutsNoGlory.htm,Results,html,31120,False,,True,in_results_index
05NorCal.htm,Results/05NorCal.htm,Results,html,33651,False,,True,in_results_index
05NSA.htm,Results/05NSA.htm,Results,html,123172,True,href,True,in_results_index
05PWAChp.htm,Results/05PWAChp.htm,Results,html,42688,False,,True,in_results_index
05PWAJrChp.htm,Results/05PWAJrChp.htm,Results,html,28001,False,,True,in_results_index
05SrNats.htm,Results/05SrNats.htm,Results,html,79511,True,href,True,in_results_index
06AmOpen.htm,Results/06AmOpen.htm,Results,html,94368,True,href,True,in_results_index
06CalStateGames.htm,Results/06CalStateGames.htm,Results,html,51678,False,,True,in_results_index
06Collegiates.htm,Results/06Collegiates.htm,Results,html,43045,True,href,True,in_results_index
06GldWst.htm,Results/06GldWst.htm,Results,html,40793,False,,True,in_results_index
06JrNats.htm,Results/06JrNats.htm,Results,html,104703,False,,True,in_results_index
06NatJrs.htm,Results/06NatJrs.htm,Results,html,104972,True,href,True,in_results_index
06NorCal.htm,Results/06NorCal.htm,Results,html,39870,False,,True,in_results_index
06NSA.htm,Results/06NSA.htm,Results,html,103860,True,href,True,in_results_index
06PacificOpen.htm,Results/06PacificOpen.htm,Results,html,5754,False,,True,in_results_index
06PanAmTeamTrials.htm,Results/06PanAmTeamTrials.htm,Results,html,23103,True,href,True,in_results_index
06PWAChp.htm,Results/06PWAChp.htm,Results,html,47049,False,,True,in_results_index
06PWAJrChp.htm,Results/06PWAJrChp.htm,Results,html,17728,False,,True,in_results_index
06SrNats.htm,Results/06SrNats.htm,Results,html,79226,True,href,True,in_results_index
06TKHighSchool.htm,Results/06TKHighSchool.htm,Results,html,17882,False,,True,in_results_index
06TKOpen.htm,Results/06TKOpen.htm,Results,html,21719,False,,True,in_results_index
07AmOpen.htm,Results/07AmOpen.htm,Results,html,95022,True,href,True,in_results_index
07Collegiates.htm,Results/07Collegiates.htm,Results,html,82709,True,href,True,in_results_index
07GldWst.htm,Results/07GldWst.htm,Results,html,51091,False,,True,in_results_index
07HFLCQ.htm,Results/07HFLCQ.htm,Results,html,7446,False,,True,in_results_index
07JrNats.htm,Results/07JrNats.htm,Results,html,77404,False,,True,in_results_index
07LincolnJrOpen.htm,Results/07LincolnJrOpen.htm,Results,html,31095,False,,True,in_results_index
07NatJrs.htm,Results/07NatJrs.htm,Results,html,77787,True,href,True,in_results_index
07NorCal.htm,Results/07NorCal.htm,Results,html,43520,False,,True,in_results_index
07NSA.htm,Results/07NSA.htm,Results,html,131981,True,href,True,in_results_index
07PWAChp.htm,Results/07PWAChp.htm,Results,html,46048,False,,True,in_results_index
07PWAJrChp.htm,Results/07PWAJrChp.htm,Results,html,23752,False,,True,in_results_index
07Redwood.htm,Results/07Redwood.htm,Results,html,29898,False,,True,in_results_index
07SacHighChallenge.htm,Results/07SacHighChallenge.htm,Results,html,19788,False,,True,in_results_index
07SacHighJrOpen.htm,Results/07SacHighJrOpen.htm,Results,html,32883,False,,True,in_results_index
07SrNats.htm,Results/07SrNats.htm,Results,html,85603,True,href,True,in_results_index
07SrQualifier.htm,Results/07SrQualifier.htm,Results,html,36186,False,,True,in_results_index
07TKOpen.htm,Results/07TKOpen.htm,Results,html,39331,False,,True,in_results_index
07TryOut.htm,Results/07TryOut.htm,Results,html,27498,True,href,True,in_results_index
08AmOpen.htm,Results/08AmOpen.htm,Results,html,92858,True,href,True,in_results_index
08AtlasOpen.htm,Results/08AtlasOpen.htm,Results,html,23893,False,,True,in_results_index
08Collegiates.htm,Results/08Collegiates.htm,Results,html,90323,True,href,True,in_results_index
08GldWst.htm,Results/08GldWst.htm,Results,html,49626,False,,True,in_results_index
08HSFTeam.htm,Results/08HSFTeam.htm,Results,html,42829,False,,True,in_results_index
08HSPowerClean.htm,Results/08HSPowerClean.htm,Results,html,12417,False,,True,in_results_index
08LincolnJrOpen.htm,Results/08LincolnJrOpen.htm,Results,html,43504,False,,True,in_results_index
08NatJrs.htm,Results/08NatJrs.htm,Results,html,70075,True,href,True,in_results_index
08NorCal.htm,Results/08NorCal.htm,Results,html,52310,False,,True,in_results_index
08NSA.htm,Results/08NSA.htm,Results,html,218485,True,href,True,in_results_index
08OlyTry.htm,Results/08OlyTry.htm,Results,html,40231,True,href,True,in_results_index
08PWAChp.htm,Results/08PWAChp.htm,Results,html,36437,False,,True,in_results_index
08PWAJrChp.htm,Results/08PWAJrChp.htm,Results,html,60865,False,,True,in_results_index
08Redwood.htm,Results/08Redwood.htm,Results,html,40517,False,,True,in_results_index
08SacHighJrOpen.htm,Results/08SacHighJrOpen.htm,Results,html,50515,False,,True,in_results_index
08SpringJrOpen.htm,Results/08SpringJrOpen.htm,Results,html,33632,False,,True,in_results_index
08SrNats.htm,Results/08SrNats.htm,Results,html,99029,True,href,True,in_results_index
08SrQualifier.htm,Results/08SrQualifier.htm,Results,html,10428,False,,True,in_results_index
08TKOpen.htm,Results/08TKOpen.htm,Results,html,71347,False,,True,in_results_index
09AmOpen.htm,Results/09AmOpen.htm,Results,html,71520,True,href,True,in_results_index
09AtlasOpen.htm,Results/09AtlasOpen.htm,Results,html,10932,False,,True,in_results_index
09BadGirl.htm,Results/09BadGirl.htm,Results,html,30177,False,,True,in_results_index
09BadGirlII.htm,Results/09BadGirlII.htm,Results,html,26793,False,,True,in_results_index
09CalStrengthOpen.htm,Results/09CalStrengthOpen.htm,Results,html,39396,False,,True,in_results_index
09Collegiates.htm,Results/09Collegiates.htm,Results,html,75594,True,href,True,in_results_index
09DaritoisMemorial.xls,Results/09DaritoisMemorial.xls,Results,excel,637440,False,,True,in_results_index
09GldWst.htm,Results/09GldWst.htm,Results,html,62537,False,,True,in_results_index
09HSFTeam.htm,Results/09HSFTeam.htm,Results,html,36549,False,,True,in_results_index
09MDM.htm,Results/09MDM.htm,Results,html,8506,False,,True,in_results_index
09NatJrs.htm,Results/09NatJrs.htm,Results,html,64875,True,href,True,in_results_index
09NorCal.htm,Results/09NorCal.htm,Results,html,52655,False,,True,in_results_index
09NSA.htm,Results/09NSA.htm,Results,html,191423,True,href,True,in_results_index
09PanAmTeamTrials.htm,Results/09PanAmTeamTrials.htm,Results,html,19359,True,href,True,in_results_index
09PWAChp.htm,Results/09PWAChp.htm,Results,html,57027,False,,True,in_results_index
09Redwood.htm,Results/09Redwood.htm,Results,html,37299,False,,True,in_results_index
09SacJrOpen.htm,Results/09SacJrOpen.htm,Results,html,50092,False,,True,in_results_index
09SpringFest.htm,Results/09SpringFest.htm,Results,html,51495,False,,True,in_results_index
09SrNats.htm,Results/09SrNats.htm,Results,html,53583,True,href,True,in_results_index
09TKOpen.htm,Results/09TKOpen.htm,Results,html,42055,False,,True,in_results_index
10AmOpen.htm,Results/10AmOpen.htm,Results,html,92015,True,href,True,in_results_index
10AtlasOpen.htm,Results/10AtlasOpen.htm,Results,html,24026,False,,True,in_results_index
10CalStrengthClassic.htm,Results/10CalStrengthClassic.htm,Results,html,35225,False,,True,in_results_index
10CalStrengthOpen.htm,Results/10CalStrengthOpen.htm,Results,html,26710,False,,True,in_results_index
10GldWst.htm,Results/10GldWst.htm,Results,html,37886,False,,True,in_results_index
10LastChanceSchoolage.htm,Results/10LastChanceSchoolage.htm,Results,html,20704,False,,True,in_results_index
10LincolnSchoolage.htm,Results/10LincolnSchoolage.htm,Results,html,15082,False,,True,in_results_index
10NatJrs.htm,Results/10NatJrs.htm,Results,html,57098,True,href,True,in_results_index
10NorCal.htm,Results/10NorCal.htm,Results,html,26391,False,,True,in_results_index
10NSA.htm,Results/10NSA.htm,Results,html,123574,True,href,True,in_results_index
10PWAChp.htm,Results/10PWAChp.htm,Results,html,27352,False,,True,in_results_index
10PWAMasterChp.htm,Results/10PWAMasterChp.htm,Results,html,12434,False,,True,in_results_index
10Redwood.htm,Results/10Redwood.htm,Results,html,26135,False,,True,in_results_index
10SrNats.htm,Results/10SrNats.htm,Results,html,59242,True,href,True,in_results_index
10TKOpen.htm,Results/10TKOpen.htm,Results,html,33753,False,,True,in_results_index
11AmOpen.htm,Results/11AmOpen.htm,Results,html,88953,True,href,True,in_results_index
11Collegiates.htm,Results/11Collegiates.htm,Results,html,63231,True,href,True,in_results_index
11Cougar.htm,Results/11Cougar.htm,Results,html,5759,False,,True,in_results_index
11FCO.htm,Results/11FCO.htm,Results,html,22093,False,,True,in_results_index
11GldWst.htm,Results/11GldWst.htm,Results,html,28015,False,,True,in_results_index
11HFO.htm,Results/11HFO.htm,Results,html,28204,False,,True,in_results_index
11Lincoln.htm,Results/11Lincoln.htm,Results,html,16563,False,,True,in_results_index
11Midtown.htm,Results/11Midtown.htm,Results,html,26701,False,,True,in_results_index
11NatJrs.htm,Results/11NatJrs.htm,Results,html,57617,True,href,True,in_results_index
11NorCal.htm,Results/11NorCal.htm,Results,html,34104,False,,True,in_results_index
11NSA.htm,Results/11NSA.htm,Results,html,112666,True,href,True,in_results_index
11PWAChp.htm,Results/11PWAChp.htm,Results,html,29015,False,,True,in_results_index
11PWAJrChp.htm,Results/11PWAJrChp.htm,Results,html,25173,False,,True,in_results_index
11PWARec.htm,Results/11PWARec.htm,Results,html,39370,False,,True,in_results_index
11PWASAChp.htm,Results/11PWASAChp.htm,Results,html,19908,False,,True,in_results_index
11Redwood.htm,Results/11Redwood.htm,Results,html,31743,False,,True,in_results_index
11SrNats.htm,Results/11SrNats.htm,Results,html,85648,True,href,True,in_results_index
11TBrooks.htm,Results/11TBrooks.htm,Results,html,25996,False,,True,in_results_index
11TKOpen.htm,Results/11TKOpen.htm,Results,html,48158,False,,True,in_results_index
12AmOpen.htm,Results/12AmOpen.htm,Results,html,109006,True,href,True,in_results_index
12CAInvitational.htm,Results/12CAInvitational.htm,Results,html,9466,False,,True,in_results_index
12CAQualifier.htm,Results/12CAQualifier.htm,Results,html,14387,False,,True,in_results_index
12Columbus.htm,Results/12Columbus.htm,Results,html,18239,False,,True,in_results_index
12Cougar.htm,Results/12Cougar.htm,Results,html,8822,False,,True,in_results_index
12GldWst.htm,Results/12GldWst.htm,Results,html,37390,False,,True,in_results_index
12HassleFreeSchoolage.htm,Results/12HassleFreeSchoolage.htm,Results,html,15344,False,,True,in_results_index
12LaborDay.htm,Results/12LaborDay.htm,Results,html,18688,False,,True,in_results_index
12MarMadness.htm,Results/12MarMadness.htm,Results,html,8632,False,,True,in_results_index
12Midtown.htm,Results/12Midtown.htm,Results,html,37227,False,,True,in_results_index
12NatJrs.htm,Results/12NatJrs.htm,Results,html,56233,True,href,True,in_results_index
12NorCal.htm,Results/12NorCal.htm,Results,html,27871,False,,True,in_results_index
12NYC.htm,Results/12NYC.htm,Results,html,111353,True,href,True,in_results_index
12PresDay.htm,Results/12PresDay.htm,Results,html,28720,False,,True,in_results_index
12PWAChp.htm,Results/12PWAChp.htm,Results,html,36310,False,,True,in_results_index
12PWARec.htm,Results/12PWARec.htm,Results,html,29933,False,,True,in_results_index
12Redwood.htm,Results/12Redwood.htm,Results,html,34489,False,,True,in_results_index
12RiverTown.htm,Results/12RiverTown.htm,Results,html,23685,False,,True,in_results_index
12SacHiOpenI.htm,Results/12SacHiOpenI.htm,Results,html,9983,False,,True,in_results_index
12SrNats.htm,Results/12SrNats.htm,Results,html,98913,True,href,True,in_results_index
12TKOpen.htm,Results/12TKOpen.htm,Results,html,37321,False,,True,in_results_index
12United.htm,Results/12United.htm,Results,html,24356,False,,True,in_results_index
12VetDay.htm,Results/12VetDay.htm,Results,html,28571,False,,True,in_results_index
12WmnOlyTry.htm,Results/12WmnOlyTry.htm,Results,html,10418,True,href,True,in_results_index
13AmOpen.htm,Results/13AmOpen.htm,Results,html,164161,True,href,True,in_results_index
13CAInvitational.htm,Results/13CAInvitational.htm,Results,html,10524,False,,True,in_results_index
13Collegiates.htm,Results/13Collegiates.htm,Results,html,677,True,href,True,in_results_index
13Fall.htm,Results/13Fall.htm,Results,html,33239,False,,True,in_results_index
13GldWst.htm,Results/13GldWst.htm,Results,html,18748,False,,True,in_results_index
13Kilos.htm,Results/13Kilos.htm,Results,html,13375,False,,True,in_results_index
13Max.htm,Results/13Max.htm,Results,html,35474,False,,True,in_results_index
13Midtown.htm,Results/13Midtown.htm,Results,html,41309,False,,True,in_results_index
13NatJrs.htm,Results/13NatJrs.htm,Results,html,70828,True,href,True,in_results_index
13NorCal.htm,Results/13NorCal.htm,Results,html,41993,False,,True,in_results_index
13NYC.htm,Results/13NYC.htm,Results,html,142389,True,href,True,in_results_index
13PWAChp.htm,Results/13PWAChp.htm,Results,html,40415,False,,True,in_results_index
13PWAJrChp.htm,Results/13PWAJrChp.htm,Results,html,16404,False,,True,in_results_index
13PWASenior.htm,Results/13PWASenior.htm,Results,html,33325,False,,True,in_results_index
13PWAYouth.htm,Results/13PWAYouth.htm,Results,html,19903,False,,True,in_results_index
13Redwood.htm,Results/13Redwood.htm,Results,html,34585,False,,True,in_results_index
13RiverTown.htm,Results/13RiverTown.htm,Results,html,38743,False,,True,in_results_index
13SpringOpen.htm,Results/13SpringOpen.htm,Results,html,24831,False,,True,in_results_index
13SrNats.htm,Results/13SrNats.htm,Results,html,89315,True,href,True,in_results_index
13Sundial.htm,Results/13Sundial.htm,Results,html,12149,False,,True,in_results_index
13TKOpen.htm,Results/13TKOpen.htm,Results,html,42512,False,,True,in_results_index
13University.htm,Results/13University.htm,Results,html,90452,True,href,True,in_results_index
13VetDay.htm,Results/13VetDay.htm,Results,html,23509,False,,True,in_results_index
13WarriorZ.htm,Results/13WarriorZ.htm,Results,html,29633,False,,True,in_results_index
14AmOpen.htm,Results/14AmOpen.htm,Results,html,144822,True,href,True,in_results_index
14BLCity.htm,Results/14BLCity.htm,Results,html,15439,False,,True,in_results_index
14GldWst.htm,Results/14GldWst.htm,Results,html,45622,False,,True,in_results_index
14HSFOpen.htm,Results/14HSFOpen.htm,Results,html,70478,False,,True,in_results_index
14HSFRecord.htm,Results/14HSFRecord.htm,Results,html,81600,False,,True,in_results_index
14JrLastChance.htm,Results/14JrLastChance.htm,Results,html,5995,False,,True,in_results_index
14Kilos.htm,Results/14Kilos.htm,Results,html,11601,False,,True,in_results_index
14Max.htm,Results/14Max.htm,Results,html,39498,False,,True,in_results_index
14Memorial.htm,Results/14Memorial.htm,Results,html,29089,False,,True,in_results_index
14MLK.htm,Results/14MLK.htm,Results,html,37865,False,,True,in_results_index
14NatJrs.htm,Results/14NatJrs.htm,Results,html,100650,True,href,True,in_results_index
14NCL-I.htm,Results/14NCL-I.htm,Results,html,7588,False,,True,in_results_index
14NCL-II.htm,Results/14NCL-II.htm,Results,html,10246,False,,True,in_results_index
14NCL-III.htm,Results/14NCL-III.htm,Results,html,18067,False,,True,in_results_index
14NCL-V.htm,Results/14NCL-V.htm,Results,html,10451,False,,True,in_results_index
14NCLChamps.htm,Results/14NCLChamps.htm,Results,html,19188,False,,True,in_results_index
14NorCal.htm,Results/14NorCal.htm,Results,html,34962,False,,True,in_results_index
14NYC.pdf,Results/14NYC.pdf,Results,pdf,910196,False,,True,in_results_index
14NYC_viewer.htm,Results/14NYC_viewer.htm,Results,html,541,True,href,True,in_results_index
14NYLast.htm,Results/14NYLast.htm,Results,html,5091,False,,True,in_results_index
14PresDay.htm,Results/14PresDay.htm,Results,html,43937,False,,True,in_results_index
14PWAChp.htm,Results/14PWAChp.htm,Results,html,41213,False,,True,in_results_index
14PWAJrChp.htm,Results/14PWAJrChp.htm,Results,html,22178,False,,True,in_results_index
14Redwood.htm,Results/14Redwood.htm,Results,html,35601,False,,True,in_results_index
14RenoTrials.htm,Results/14RenoTrials.htm,Results,html,13479,False,,True,in_results_index
14SacHiI.htm,Results/14SacHiI.htm,Results,html,32393,False,,True,in_results_index
14SAFOpen.htm,Results/14SAFOpen.htm,Results,html,15324,False,,True,in_results_index
14SrNats.htm,Results/14SrNats.htm,Results,html,155684,True,href,True,in_results_index
14Sundial.htm,Results/14Sundial.htm,Results,html,10783,False,,True,in_results_index
14TKOpen.htm,Results/14TKOpen.htm,Results,html,47632,False,,True,in_results_index
14University.htm,Results/14University.htm,Results,html,133749,True,href,True,in_results_index
14Visalia.htm,Results/14Visalia.htm,Results,html,26870,False,,True,in_results_index
14VisaliaFall.htm,Results/14VisaliaFall.htm,Results,html,27727,False,,True,in_results_index
14WarriorZ.htm,Results/14WarriorZ.htm,Results,html,14716,False,,True,in_results_index
14Wine.htm,Results/14Wine.htm,Results,html,32141,False,,True,in_results_index
15AmOpen.htm,Results/15AmOpen.htm,Results,html,322230,True,href,True,in_results_index
15BCClassic.htm,Results/15BCClassic.htm,Results,html,26161,False,,True,in_results_index
15BLCity.htm,Results/15BLCity.htm,Results,html,15216,False,,True,in_results_index
15CalState.htm,Results/15CalState.htm,Results,html,31608,False,,True,in_results_index
15HSFSpringBreaker.htm,Results/15HSFSpringBreaker.htm,Results,html,61468,False,,True,in_results_index
15Kilos.htm,Results/15Kilos.htm,Results,html,44617,False,,True,in_results_index
15LiftMore.htm,Results/15LiftMore.htm,Results,html,18890,False,,True,in_results_index
15MaxLastChance.htm,Results/15MaxLastChance.htm,Results,html,9684,False,,True,in_results_index
15NatJrs.htm,Results/15NatJrs.htm,Results,html,83397,True,href,True,in_results_index
15NCLYouth.htm,Results/15NCLYouth.htm,Results,html,11927,False,,True,in_results_index
15NorCal.htm,Results/15NorCal.htm,Results,html,37662,False,,True,in_results_index
15NYC.pdf,Results/15NYC.pdf,Results,pdf,1047244,False,,True,in_results_index
15NYC_viewer.htm,Results/15NYC_viewer.htm,Results,html,541,True,href,True,in_results_index
15Occam.htm,Results/15Occam.htm,Results,html,21831,False,,True,in_results_index
15PWAChp.htm,Results/15PWAChp.htm,Results,html,57891,False,,True,in_results_index
15PWAJrMLK.htm,Results/15PWAJrMLK.htm,Results,html,25909,False,,True,in_results_index
15Redwood.htm,Results/15Redwood.htm,Results,html,33221,False,,True,in_results_index
15RiverTown.htm,Results/15RiverTown.htm,Results,html,33181,False,,True,in_results_index
15SacHiI.htm,Results/15SacHiI.htm,Results,html,17921,False,,True,in_results_index
15SrNats.htm,Results/15SrNats.htm,Results,html,165646,True,href,True,in_results_index
15Wine.htm,Results/15Wine.htm,Results,html,37581,False,,True,in_results_index
16AmOpen.htm,Results/16AmOpen.htm,Results,html,265248,True,href,True,in_results_index
16NatJrs.htm,Results/16NatJrs.htm,Results,html,150025,True,href,True,in_results_index
16NYC.htm,Results/16NYC.htm,Results,html,289936,True,href,True,in_results_index
16SrNats.htm,Results/16SrNats.htm,Results,html,144584,True,href,True,in_results_index
17NatJrs.htm,Results/17NatJrs.htm,Results,html,154248,True,href,True,in_results_index
17SrNats.htm,Results/17SrNats.htm,Results,html,152913,True,href,True,in_results_index
18SrNats.htm,Results/18SrNats.htm,Results,html,677,True,href,True,in_results_index
1992AMRecords.htm,Results/1992AMRecords.htm,Results,html,29939,True,href,True,in_results_index
19SrNats.htm,Results/19SrNats.htm,Results,html,151234,True,href,True,in_results_index
2006NatSchoolAge.htm,Results/2006NatSchoolAge.htm,Results,html,103896,False,,True,in_results_index
33SrNats.htm,Results/33SrNats.htm,Results,html,16332,True,href,True,in_results_index
34SrNats.htm,Results/34SrNats.htm,Results,html,15322,True,href,True,in_results_index
35SrNats.htm,Results/35SrNats.htm,Results,html,15256,True,href,True,in_results_index
36SrNats.htm,Results/36SrNats.htm,Results,html,22700,True,href,True,in_results_index
37NorCal.htm,Results/37NorCal.htm,Results,html,5334,False,,True,in_results_index
37SrNats.htm,Results/37SrNats.htm,Results,html,12573,True,href,True,in_results_index
37Watsonville.htm,Results/37Watsonville.htm,Results,html,2593,False,,True,in_results_index
38NorCal.htm,Results/38NorCal.htm,Results,html,5332,False,,True,in_results_index
38SrNats.htm,Results/38SrNats.htm,Results,html,19127,True,href,True,in_results_index
39SrNats.htm,Results/39SrNats.htm,Results,html,19680,True,href,True,in_results_index
40NorCal.htm,Results/40NorCal.htm,Results,html,6857,False,,True,in_results_index
40SrNats.htm,Results/40SrNats.htm,Results,html,19051,True,href,True,in_results_index
41CalTeam.htm,Results/41CalTeam.htm,Results,html,4891,False,,True,in_results_index
41NorCal.htm,Results/41NorCal.htm,Results,html,11087,False,,True,in_results_index
41PWAChp.htm,Results/41PWAChp.htm,Results,html,8094,False,,True,in_results_index
41SacYMCA.htm,Results/41SacYMCA.htm,Results,html,3619,False,,True,in_results_index
41SrNats.htm,Results/41SrNats.htm,Results,html,13734,True,href,True,in_results_index
41YMCAOpen.htm,Results/41YMCAOpen.htm,Results,html,8969,False,,True,in_results_index
42SanFran.htm,Results/42SanFran.htm,Results,html,5719,False,,True,in_results_index
42SanQ.htm,Results/42SanQ.htm,Results,html,4204,False,,True,in_results_index
42SrNats.htm,Results/42SrNats.htm,Results,html,13411,True,href,True,in_results_index
43SrNats.htm,Results/43SrNats.htm,Results,html,7117,True,href,True,in_results_index
43YMCAOpen.htm,Results/43YMCAOpen.htm,Results,html,4348,False,,True,in_results_index
44SrNats.htm,Results/44SrNats.htm,Results,html,9645,True,href,True,in_results_index
45NorCal.htm,Results/45NorCal.htm,Results,html,3339,False,,True,in_results_index
45SrNats.htm,Results/45SrNats.htm,Results,html,8913,True,href,True,in_results_index
46SrNats.htm,Results/46SrNats.htm,Results,html,14505,True,href,True,in_results_index
47SanQ.htm,Results/47SanQ.htm,Results,html,4065,False,,True,in_results_index
47SrNats.htm,Results/47SrNats.htm,Results,html,20529,True,href,True,in_results_index
48OlyTry.htm,Results/48OlyTry.htm,Results,html,9856,True,href,True,in_results_index
48SrNats.htm,Results/48SrNats.htm,Results,html,8717,True,href,True,in_results_index
49SrNats.htm,Results/49SrNats.htm,Results,html,8581,True,href,True,in_results_index
50SrNats.htm,Results/50SrNats.htm,Results,html,11801,True,href,True,in_results_index
51SrNats.htm,Results/51SrNats.htm,Results,html,12127,True,href,True,in_results_index
52SrNats.htm,Results/52SrNats.htm,Results,html,20372,True,href,True,in_results_index
53Collegiates.htm,Results/53Collegiates.htm,Results,html,24968,True,href,True,in_results_index
53SrNats.htm,Results/53SrNats.htm,Results,html,8097,True,href,True,in_results_index
54SrNats.htm,Results/54SrNats.htm,Results,html,10976,True,href,True,in_results_index
55SrNats.htm,Results/55SrNats.htm,Results,html,11930,True,href,True,in_results_index
56OlyTry.htm,Results/56OlyTry.htm,Results,html,7918,True,href,True,in_results_index
56SrNats.htm,Results/56SrNats.htm,Results,html,21224,True,href,True,in_results_index
57SrNats.htm,Results/57SrNats.htm,Results,html,18359,True,href,True,in_results_index
58SrNats.htm,Results/58SrNats.htm,Results,html,10548,True,href,True,in_results_index
59SrNats.htm,Results/59SrNats.htm,Results,html,18300,True,href,True,in_results_index
60SrNats.htm,Results/60SrNats.htm,Results,html,22689,True,href,True,in_results_index
61SrNats.htm,Results/61SrNats.htm,Results,html,11316,True,href,True,in_results_index
62SrNats.htm,Results/62SrNats.htm,Results,html,13889,True,href,True,in_results_index
63SrNats.htm,Results/63SrNats.htm,Results,html,20263,True,href,True,in_results_index
64OlyTry.htm,Results/64OlyTry.htm,Results,html,13041,True,href,True,in_results_index
64SrNats.htm,Results/64SrNats.htm,Results,html,14552,True,href,True,in_results_index
65SrNats.htm,Results/65SrNats.htm,Results,html,9124,True,href,True,in_results_index
66SrNats.htm,Results/66SrNats.htm,Results,html,19204,True,href,True,in_results_index
67SrNats.htm,Results/67SrNats.htm,Results,html,17769,True,href,True,in_results_index
68OlyTry.htm,Results/68OlyTry.htm,Results,html,25476,True,href,True,in_results_index
68SrNats.htm,Results/68SrNats.htm,Results,html,26192,True,href,True,in_results_index
69SrNats.htm,Results/69SrNats.htm,Results,html,21499,True,href,True,in_results_index
70SrNats.htm,Results/70SrNats.htm,Results,html,18392,True,href,True,in_results_index
71SrNats.htm,Results/71SrNats.htm,Results,html,23425,True,href,True,in_results_index
72SrNats.htm,Results/72SrNats.htm,Results,html,24690,True,href,True,in_results_index
73SrNats.htm,Results/73SrNats.htm,Results,html,28991,True,href,True,in_results_index
73TANats.htm,Results/73TANats.htm,Results,html,17332,True,href,True,in_results_index
74SrNats.htm,Results/74SrNats.htm,Results,html,19376,True,href,True,in_results_index
75SrNats.htm,Results/75SrNats.htm,Results,html,18417,True,href,True,in_results_index
76SrNats.htm,Results/76SrNats.htm,Results,html,54116,True,href,True,in_results_index
77SrNats.htm,Results/77SrNats.htm,Results,html,40266,True,href,True,in_results_index
78SrNats.htm,Results/78SrNats.htm,Results,html,39848,True,href,True,in_results_index
78TANats.htm,Results/78TANats.htm,Results,html,15723,True,href,True,in_results_index
79PWAChp.htm,Results/79PWAChp.htm,Results,html,13479,False,,True,in_results_index
79PWAJOChp.htm,Results/79PWAJOChp.htm,Results,html,11097,False,,True,in_results_index
79SrNats.htm,Results/79SrNats.htm,Results,html,43179,True,href,True,in_results_index
80NatJrs.htm,Results/80NatJrs.htm,Results,html,47097,True,href,True,in_results_index
80PacCoast.htm,Results/80PacCoast.htm,Results,html,12276,False,,True,in_results_index
80SrNats.htm,Results/80SrNats.htm,Results,html,58758,True,href,True,in_results_index
81NatJrs.htm,Results/81NatJrs.htm,Results,html,28402,True,href,True,in_results_index
81SrNats.htm,Results/81SrNats.htm,Results,html,15863,True,href,True,in_results_index
81WmnNats.htm,Results/81WmnNats.htm,Results,html,7979,True,href,True,in_results_index
82GldWst.htm,Results/82GldWst.htm,Results,html,15490,False,,True,in_results_index
82NatJrs.htm,Results/82NatJrs.htm,Results,html,11720,True,href,True,in_results_index
82SrNats.htm,Results/82SrNats.htm,Results,html,18297,True,href,True,in_results_index
82WmnNats.htm,Results/82WmnNats.htm,Results,html,14412,True,href,True,in_results_index
83BltBkl.htm,Results/83BltBkl.htm,Results,html,12412,False,,True,in_results_index
83Collegiates.htm,Results/83Collegiates.htm,Results,html,10662,True,href,True,in_results_index
83NatJrs.htm,Results/83NatJrs.htm,Results,html,12971,True,href,True,in_results_index
83SrNats.htm,Results/83SrNats.htm,Results,html,61433,True,href,True,in_results_index
83WmnNats.htm,Results/83WmnNats.htm,Results,html,22352,True,href,True,in_results_index
84CalStates.htm,Results/84CalStates.htm,Results,html,11507,False,,True,in_results_index
84GldWst.htm,Results/84GldWst.htm,Results,html,9744,False,,True,in_results_index
84NatJrs.htm,Results/84NatJrs.htm,Results,html,16606,True,href,True,in_results_index
84OlyTry.htm,Results/84OlyTry.htm,Results,html,25032,True,href,True,in_results_index
84SrNats.htm,Results/84SrNats.htm,Results,html,47989,True,href,True,in_results_index
84WmnNats.htm,Results/84WmnNats.htm,Results,html,12498,True,href,True,in_results_index
85BltBkl.htm,Results/85BltBkl.htm,Results,html,13817,False,,True,in_results_index
85Collegiates.htm,Results/85Collegiates.htm,Results,html,12097,True,href,True,in_results_index
85JrNats.htm,Results/85JrNats.htm,Results,html,12024,False,,True,in_results_index
85NatJrs.htm,Results/85NatJrs.htm,Results,html,12024,True,href,True,in_results_index
85NorCal.htm,Results/85NorCal.htm,Results,html,12903,False,,True,in_results_index
85SrNats.htm,Results/85SrNats.htm,Results,html,15173,True,href,True,in_results_index
85WmnNats.htm,Results/85WmnNats.htm,Results,html,27490,True,href,True,in_results_index
86GldWst.htm,Results/86GldWst.htm,Results,html,17632,False,,True,in_results_index
86SrNats.htm,Results/86SrNats.htm,Results,html,40331,True,href,True,in_results_index
86WmnNats.htm,Results/86WmnNats.htm,Results,html,21302,True,href,True,in_results_index
87Collegiates.htm,Results/87Collegiates.htm,Results,html,11005,True,href,True,in_results_index
87GldWst.htm,Results/87GldWst.htm,Results,html,28672,False,,True,in_results_index
87NatJrs.htm,Results/87NatJrs.htm,Results,html,45877,True,href,True,in_results_index
87SrNats.htm,Results/87SrNats.htm,Results,html,42272,True,href,True,in_results_index
87WmnNats.htm,Results/87WmnNats.htm,Results,html,12163,True,href,True,in_results_index
88GldWst.htm,Results/88GldWst.htm,Results,html,28396,False,,True,in_results_index
88OlyTry.htm,Results/88OlyTry.htm,Results,html,13046,True,href,True,in_results_index
88PWAChp.htm,Results/88PWAChp.htm,Results,html,14822,False,,True,in_results_index
88SFOpen.htm,Results/88SFOpen.htm,Results,html,15028,False,,True,in_results_index
88SrNats.htm,Results/88SrNats.htm,Results,html,83047,True,href,True,in_results_index
89BltBkl.htm,Results/89BltBkl.htm,Results,html,17996,False,,True,in_results_index
89NatJrs.htm,Results/89NatJrs.htm,Results,html,36168,True,href,True,in_results_index
89NorCal.htm,Results/89NorCal.htm,Results,html,20932,False,,True,in_results_index
89PWAChp.htm,Results/89PWAChp.htm,Results,html,14722,False,,True,in_results_index
89SrNats.htm,Results/89SrNats.htm,Results,html,62592,True,href,True,in_results_index
90NatJrs.htm,Results/90NatJrs.htm,Results,html,61440,True,href,True,in_results_index
90SrNats.htm,Results/90SrNats.htm,Results,html,31527,True,href,True,in_results_index
91AmOpen.htm,Results/91AmOpen.htm,Results,html,75714,True,href,True,in_results_index
91GldWst.htm,Results/91GldWst.htm,Results,html,11007,False,,True,in_results_index
91NatJrs.htm,Results/91NatJrs.htm,Results,html,47697,True,href,True,in_results_index
91SrNats.htm,Results/91SrNats.htm,Results,html,76029,True,href,True,in_results_index
92AmOpen.htm,Results/92AmOpen.htm,Results,html,121065,True,href,True,in_results_index
92BltBkl.htm,Results/92BltBkl.htm,Results,html,14630,False,,True,in_results_index
92GldWst.htm,Results/92GldWst.htm,Results,html,15486,False,,True,in_results_index
92NatJrs.htm,Results/92NatJrs.htm,Results,html,60675,True,href,True,in_results_index
92NorCal.htm,Results/92NorCal.htm,Results,html,10899,False,,True,in_results_index
92OlyTry.htm,Results/92OlyTry.htm,Results,html,35932,True,href,True,in_results_index
92PWAChp.htm,Results/92PWAChp.htm,Results,html,10445,False,,True,in_results_index
92SrNats.htm,Results/92SrNats.htm,Results,html,83437,True,href,True,in_results_index
9397AMRecords.htm,Results/9397AMRecords.htm,Results,html,30400,True,href,True,in_results_index
93AmOpen.htm,Results/93AmOpen.htm,Results,html,101705,True,href,True,in_results_index
93BeerMug.htm,Results/93BeerMug.htm,Results,html,7238,False,,True,in_results_index
93BerMug.htm,Results/93BerMug.htm,Results,html,6709,False,,True,in_results_index
93BltBkl.htm,Results/93BltBkl.htm,Results,html,5661,False,,True,in_results_index
93CalSt.htm,Results/93CalSt.htm,Results,html,15924,False,,True,in_results_index
93Collegiates.htm,Results/93Collegiates.htm,Results,html,20579,True,href,True,in_results_index
93LastChance.htm,Results/93LastChance.htm,Results,html,6767,False,,True,in_results_index
93NatJrs.htm,Results/93NatJrs.htm,Results,html,98930,True,href,True,in_results_index
93SrNats.htm,Results/93SrNats.htm,Results,html,75498,True,href,True,in_results_index
94AmOpen.htm,Results/94AmOpen.htm,Results,html,128209,True,href,True,in_results_index
94BltBkl.htm,Results/94BltBkl.htm,Results,html,8394,False,,True,in_results_index
94GldWst.htm,Results/94GldWst.htm,Results,html,10244,False,,True,in_results_index
94Marin.htm,Results/94Marin.htm,Results,html,12134,False,,True,in_results_index
94NatJrs.htm,Results/94NatJrs.htm,Results,html,113315,True,href,True,in_results_index
94NorCal.htm,Results/94NorCal.htm,Results,html,12617,False,,True,in_results_index
94PWAChp.htm,Results/94PWAChp.htm,Results,html,16240,False,,True,in_results_index
94SrNats.htm,Results/94SrNats.htm,Results,html,85397,True,href,True,in_results_index
95AmOpen.htm,Results/95AmOpen.htm,Results,html,126336,True,href,True,in_results_index
95BltBkl.htm,Results/95BltBkl.htm,Results,html,10310,False,,True,in_results_index
95GldWst.htm,Results/95GldWst.htm,Results,html,13208,False,,True,in_results_index
95Marin.htm,Results/95Marin.htm,Results,html,14855,False,,True,in_results_index
95NatJrs.htm,Results/95NatJrs.htm,Results,html,63536,True,href,True,in_results_index
95NorCal.htm,Results/95NorCal.htm,Results,html,19587,False,,True,in_results_index
95PWAChp.htm,Results/95PWAChp.htm,Results,html,17347,False,,True,in_results_index
95SrNats.htm,Results/95SrNats.htm,Results,html,94328,True,href,True,in_results_index
96AmOpen.htm,Results/96AmOpen.htm,Results,html,190044,True,href,True,in_results_index
96CalSt.htm,Results/96CalSt.htm,Results,html,14288,False,,True,in_results_index
96GldWst.htm,Results/96GldWst.htm,Results,html,13174,False,,True,in_results_index
96Marin.htm,Results/96Marin.htm,Results,html,12918,False,,True,in_results_index
96NatJrs.htm,Results/96NatJrs.htm,Results,html,99276,True,href,True,in_results_index
96OlyTry.htm,Results/96OlyTry.htm,Results,html,28509,True,href,True,in_results_index
96PWAChp.htm,Results/96PWAChp.htm,Results,html,13501,False,,True,in_results_index
96SrNats.htm,Results/96SrNats.htm,Results,html,83760,True,href,True,in_results_index
96WestHS.htm,Results/96WestHS.htm,Results,html,10338,False,,True,in_results_index
97AmOpen.htm,Results/97AmOpen.htm,Results,html,125126,True,href,True,in_results_index
97BltBkl.htm,Results/97BltBkl.htm,Results,html,13319,False,,True,in_results_index
97GldWst.htm,Results/97GldWst.htm,Results,html,13933,False,,True,in_results_index
97PWAChp.htm,Results/97PWAChp.htm,Results,html,15788,False,,True,in_results_index
97SacOpn.htm,Results/97SacOpn.htm,Results,html,7866,False,,True,in_results_index
97SrNats.htm,Results/97SrNats.htm,Results,html,85875,True,href,True,in_results_index
97TryOut.htm,Results/97TryOut.htm,Results,html,16546,False,,True,in_results_index
97WestHS.htm,Results/97WestHS.htm,Results,html,19544,False,,True,in_results_index
98AmOpen.htm,Results/98AmOpen.htm,Results,html,48259,True,href,True,in_results_index
98BltBkl.htm,Results/98BltBkl.htm,Results,html,14509,False,,True,in_results_index
98CALSt.htm,Results/98CALSt.htm,Results,html,19291,False,,True,in_results_index
98GldWst.htm,Results/98GldWst.htm,Results,html,9040,False,,True,in_results_index
98NatJrs.htm,Results/98NatJrs.htm,Results,html,173460,True,href,True,in_results_index
98NorCal.htm,Results/98NorCal.htm,Results,html,31989,False,,True,in_results_index
98PWAChp.htm,Results/98PWAChp.htm,Results,html,23518,False,,True,in_results_index
98SrNats.htm,Results/98SrNats.htm,Results,html,85216,True,href,True,in_results_index
98TryOut.htm,Results/98TryOut.htm,Results,html,19587,True,href,True,in_results_index
98WestHS.htm,Results/98WestHS.htm,Results,html,19803,False,,True,in_results_index
99AmOpen.htm,Results/99AmOpen.htm,Results,html,130880,True,href,True,in_results_index
99GldWst.htm,Results/99GldWst.htm,Results,html,34066,False,,True,in_results_index
99HighDesert.htm,Results/99HighDesert.htm,Results,html,17941,False,,True,in_results_index
99LstChn.htm,Results/99LstChn.htm,Results,html,8741,False,,True,in_results_index
99LstChnII.htm,Results/99LstChnII.htm,Results,html,17836,False,,True,in_results_index
99NatJrs.htm,Results/99NatJrs.htm,Results,html,150900,True,href,True,in_results_index
99NCalHS.htm,Results/99NCalHS.htm,Results,html,14487,False,,True,in_results_index
99NorCal.htm,Results/99NorCal.htm,Results,html,17869,False,,True,in_results_index
99PWAChp.htm,Results/99PWAChp.htm,Results,html,17979,False,,True,in_results_index
99SrNats.htm,Results/99SrNats.htm,Results,html,106540,True,href,True,in_results_index
AAUChamps.htm,Results/AAUChamps.htm,Results,html,51711,False,,True,in_results_index
AllTimeAMRecords.htm,Results/AllTimeAMRecords.htm,Results,html,43154,True,href,True,in_results_index
favicon.ico,Results/favicon.ico,Results,image,822,False,,False,identical_to_other_ico
OlympiansByName.htm,Results/OlympiansByName.htm,Results,html,22635,True,href,True,in_results_index
OlympiansByYear.htm,Results/OlympiansByYear.htm,Results,html,18939,True,href,True,in_results_index
PanAmMen.htm,Results/PanAmMen.htm,Results,html,31434,False,,True,in_results_index
PanAmWmn.htm,Results/PanAmWmn.htm,Results,html,25187,False,,True,in_results_index
SrNatsChamps.htm,Results/SrNatsChamps.htm,Results,html,77232,True,href,True,in_results_index
SrNatsChampsByName.htm,Results/SrNatsChampsByName.htm,Results,html,60929,True,href,True,in_results_index
SrNatsChampsByNumber.htm,Results/SrNatsChampsByNumber.htm,Results,html,5251,True,href,True,in_results_index
usawlogo.gif,Results/usawlogo.gif,Results,image,4209,False,,False,
USAWorld.htm,Results/USAWorld.htm,Results,html,56818,True,href,True,in_results_index
WomenNatChamps.htm,Results/WomenNatChamps.htm,Results,html,35058,True,href,True,in_results_index
WomenNatChampsByName.htm,Results/WomenNatChampsByName.htm,Results,html,37730,True,href,True,in_results_index
WomenNatChampsByNumber.htm,Results/WomenNatChampsByNumber.htm,Results,html,3542,True,href,True,in_results_index
Results.htm,Results.htm,(root),html,20540,False,,False,
robots.txt,robots.txt,(root),text,187,False,,False,
shoe2.gif,shoe2.gif,(root),image,21316,True,img_src,False,
STFlogo.gif,STFlogo.gif,(root),image,1233,True,img_src,False,
Sydney.gif,Sydney.gif,(root),image,3563,True,img_src,False,
HandDrawn.htm,Temp/HandDrawn.htm,Temp,html,671,False,,False,
JerkBoxes.htm,Temp/JerkBoxes.htm,Temp,html,858,False,,False,
ProposedBylaws.htm,Temp/ProposedBylaws.htm,Temp,html,24132,False,,False,
Uesaka.gif,Uesaka.gif,(root),image,7558,True,img_src,False,
alario.jpg,USAW_Updates/alario.jpg,USAW_Updates,image,56234,False,,False,
gnosflog.jpg,USAW_Updates/gnosflog.jpg,USAW_Updates,image,58971,False,,False,
jeff.jpg,USAW_Updates/jeff.jpg,USAW_Updates,image,14455,False,,False,
June2000.htm,USAW_Updates/June2000.htm,USAW_Updates,html,46073,False,,False,
texaco.gif,USAW_Updates/texaco.gif,USAW_Updates,image,1236,False,,False,
trialslogo.jpg,USAW_Updates/trialslogo.jpg,USAW_Updates,image,123004,False,,False,
Usawbanner.gif,USAW_Updates/Usawbanner.gif,USAW_Updates,image,2236,False,,False,
Usawlogo.gif,USAW_Updates/Usawlogo.gif,USAW_Updates,image,4199,False,,False,
usawlogo.gif,usawlogo.gif,(root),image,4209,True,img_src,False,
w8lift.htm,w8lift.htm,(root),html,82451,False,,False,
w8lift.htm%5D,w8lift.htm%5D,(root),other,2522,False,,False,percent_encoded_name
w8lift2.htm,w8lift2.htm,(root),html,36730,False,,False,
WerksanUSA.gif,WerksanUSA.gif,(root),image,2060,True,img_src,False,
wghtlift.gif,wghtlift.gif,(root),image,4058,True,img_src,False,
WorldTeamTrials.htm,WorldTeamTrials.htm,(root),html,822,False,,False,
WStHSEnt.htm,WStHSEnt.htm,(root),html,2369,False,,False,
WTT.htm,WTT.htm,(root),html,2752,False,,False,
Yorkbar.gif,Yorkbar.gif,(root),image,7953,True,img_src,False,
